{"cameraMode":{"drawMode":0,"name":"Shaded","section":"Shading Mode"},"sceneLighting":false,"audioPlay":false,"sceneViewState":{"showFog":false,"showMaterialUpdate":false,"showSkybox":false,"showFlares":false,"showImageEffects":false,"showParticleSystems":false,"showVisualEffectGraphs":true,"m_FxEnabled":true},"in2DMode":false,"pivot":{"x":106.98946380615235,"y":18.554424285888673,"z":135.18365478515626},"rotation":{"x":0.05315506458282471,"y":0.9317564368247986,"z":-0.15228860080242158,"w":0.32541337609291079},"size":2.8029932975769045,"orthographic":false}