{"cameraMode":{"drawMode":0,"name":"Shaded","section":"Shading Mode"},"sceneLighting":false,"audioPlay":false,"sceneViewState":{"showFog":false,"showMaterialUpdate":false,"showSkybox":false,"showFlares":false,"showImageEffects":false,"showParticleSystems":false,"showVisualEffectGraphs":true,"m_FxEnabled":true},"in2DMode":false,"pivot":{"x":-0.018807673826813699,"y":-0.1039961650967598,"z":-0.021211929619312288},"rotation":{"x":-0.003820881014689803,"y":-0.9950492978096008,"z":0.0906975194811821,"w":-0.04183986410498619},"size":0.20209601521492005,"orthographic":false}