{"cameraMode":{"drawMode":0,"name":"Shaded","section":"Shading Mode"},"sceneLighting":false,"audioPlay":false,"sceneViewState":{"showFog":false,"showMaterialUpdate":false,"showSkybox":false,"showFlares":false,"showImageEffects":false,"showParticleSystems":false,"showVisualEffectGraphs":true,"m_FxEnabled":true},"in2DMode":false,"pivot":{"x":0.18514415621757508,"y":-0.030222784727811815,"z":-0.28372853994369509},"rotation":{"x":-0.01737007312476635,"y":-0.05723751336336136,"z":0.0009876081021502615,"w":-0.9982706308364868},"size":0.2632518410682678,"orthographic":false}