{"cameraMode":{"drawMode":0,"name":"Shaded","section":"Shading Mode"},"sceneLighting":true,"audioPlay":false,"sceneViewState":{"showFog":false,"showMaterialUpdate":false,"showSkybox":true,"showFlares":false,"showImageEffects":false,"showParticleSystems":false,"showVisualEffectGraphs":true,"m_FxEnabled":true},"in2DMode":false,"pivot":{"x":108.40364074707031,"y":21.695154190063478,"z":136.13177490234376},"rotation":{"x":0.29844605922698977,"y":-0.5241864919662476,"z":0.2025834321975708,"w":0.7715216875076294},"size":0.09372973442077637,"orthographic":false}