{"cameraMode":{"drawMode":0,"name":"Shaded","section":"Shading Mode"},"sceneLighting":true,"audioPlay":false,"sceneViewState":{"showFog":false,"showMaterialUpdate":false,"showSkybox":true,"showFlares":false,"showImageEffects":false,"showParticleSystems":false,"showVisualEffectGraphs":true,"m_FxEnabled":true},"in2DMode":false,"pivot":{"x":106.50371551513672,"y":20.578981399536134,"z":136.27684020996095},"rotation":{"x":0.0007403318886645138,"y":-0.9966699481010437,"z":0.08180800825357437,"w":0.008946449495851994},"size":0.03602242469787598,"orthographic":false}