{"cameraMode":{"drawMode":0,"name":"Shaded","section":"Shading Mode"},"sceneLighting":false,"audioPlay":false,"sceneViewState":{"showFog":false,"showMaterialUpdate":false,"showSkybox":false,"showFlares":false,"showImageEffects":false,"showParticleSystems":false,"showVisualEffectGraphs":true,"m_FxEnabled":true},"in2DMode":false,"pivot":{"x":61.663639068603519,"y":1.8252100944519044,"z":77.42254638671875},"rotation":{"x":0.030761519446969034,"y":-0.9684599041938782,"z":0.15380604565143586,"w":0.19369454681873322},"size":0.27301591634750368,"orthographic":false}