{"cameraMode":{"drawMode":0,"name":"Shaded","section":"Shading Mode"},"sceneLighting":false,"audioPlay":false,"sceneViewState":{"showFog":false,"showMaterialUpdate":false,"showSkybox":false,"showFlares":false,"showImageEffects":false,"showParticleSystems":false,"showVisualEffectGraphs":true,"m_FxEnabled":true},"in2DMode":false,"pivot":{"x":153.49647521972657,"y":26.273386001586915,"z":92.64962005615235},"rotation":{"x":0.005090619903057814,"y":-0.06595125049352646,"z":0.00033648344106040895,"w":0.9978098273277283},"size":8.873469352722168,"orthographic":true}