{"cameraMode":{"drawMode":0,"name":"Shaded","section":"Shading Mode"},"sceneLighting":false,"audioPlay":false,"sceneViewState":{"showFog":false,"showMaterialUpdate":false,"showSkybox":false,"showFlares":false,"showImageEffects":false,"showParticleSystems":false,"showVisualEffectGraphs":true,"m_FxEnabled":true},"in2DMode":false,"pivot":{"x":106.61455535888672,"y":20.25977897644043,"z":135.47259521484376},"rotation":{"x":0.10774171352386475,"y":0.0304192416369915,"z":-0.0033035550732165577,"w":0.9937244057655335},"size":0.8170899748802185,"orthographic":false}