{"cameraMode":{"drawMode":0,"name":"Shaded","section":"Shading Mode"},"sceneLighting":false,"audioPlay":false,"sceneViewState":{"showFog":false,"showMaterialUpdate":false,"showSkybox":false,"showFlares":false,"showImageEffects":false,"showParticleSystems":false,"showVisualEffectGraphs":true,"m_FxEnabled":true},"in2DMode":false,"pivot":{"x":106.68738555908203,"y":20.141923904418947,"z":134.8478546142578},"rotation":{"x":0.14904430508613587,"y":-0.07201705127954483,"z":0.010879626497626305,"w":0.9861608743667603},"size":1.1170899868011475,"orthographic":false}